company_id	ticker	canonical_input	taxonomy_namespace	taxonomy_concept	disposition	accounting_perimeter	observed_records	active_annual_sources	source_forms	reason_code	professional_review_status
sec-cik:0000002488	AMD	capital_expenditure	us-gaap	PaymentsToAcquirePropertyPlantAndEquipment	canonical	consolidated_periodic_filing	144	1	10-K,10-Q	canonical_us_gaap_concept	not_required_for_exact_canonical_mapping
sec-cik:0000002488	AMD	net_income	us-gaap	NetIncomeLoss	canonical	consolidated_periodic_filing	238	1	10-K,10-Q	canonical_us_gaap_concept	not_required_for_exact_canonical_mapping
sec-cik:0000002488	AMD	operating_cash_flow	us-gaap	NetCashProvidedByUsedInOperatingActivities	canonical	consolidated_periodic_filing	144	1	10-K,10-Q	canonical_us_gaap_concept	not_required_for_exact_canonical_mapping
sec-cik:0000002488	AMD	operating_income	us-gaap	OperatingIncomeLoss	canonical	consolidated_periodic_filing	288	1	10-K,10-Q	canonical_us_gaap_concept	not_required_for_exact_canonical_mapping
sec-cik:0000002488	AMD	revenue	us-gaap	RevenueFromContractWithCustomerExcludingAssessedTax	canonical	consolidated_periodic_filing	128	1	10-K,10-Q	canonical_us_gaap_concept	not_required_for_exact_canonical_mapping
sec-cik:0000002488	AMD	revenue	us-gaap	Revenues	rejected	unreviewed	4	0	10-Q	unreviewed_issuer_specific_concept	not_submitted_for_review
sec-cik:0000002488	AMD	revenue	us-gaap	SalesRevenueNet	rejected	unreviewed	78	0	10-K,10-Q	unreviewed_issuer_specific_concept	not_submitted_for_review
sec-cik:0000002488	AMD	stockholders_equity	us-gaap	StockholdersEquity	canonical	consolidated_periodic_filing	175	1	10-K,10-Q	canonical_us_gaap_concept	not_required_for_exact_canonical_mapping
sec-cik:0000002488	AMD	total_assets	us-gaap	Assets	canonical	consolidated_periodic_filing	128	1	10-K,10-Q	canonical_us_gaap_concept	not_required_for_exact_canonical_mapping
sec-cik:0000002488	AMD	total_liabilities			unavailable	unavailable	0	0		authorized_annual_source_unavailable	not_submitted_for_review
sec-cik:0000006951	AMAT	capital_expenditure	us-gaap	PaymentsToAcquireProductiveAssets	rejected	unreviewed	39	0	10-K,10-K/A,10-Q	unreviewed_issuer_specific_concept	not_submitted_for_review
sec-cik:0000006951	AMAT	capital_expenditure	us-gaap	PaymentsToAcquirePropertyPlantAndEquipment	canonical	consolidated_periodic_filing	115	2	10-K,10-Q	canonical_us_gaap_concept	not_required_for_exact_canonical_mapping
sec-cik:0000006951	AMAT	net_income	us-gaap	NetIncomeLoss	canonical	consolidated_periodic_filing	312	2	10-K,10-K/A,10-Q	canonical_us_gaap_concept	not_required_for_exact_canonical_mapping
sec-cik:0000006951	AMAT	operating_cash_flow	us-gaap	NetCashProvidedByUsedInOperatingActivities	canonical	consolidated_periodic_filing	156	2	10-K,10-K/A,10-Q	canonical_us_gaap_concept	not_required_for_exact_canonical_mapping
sec-cik:0000006951	AMAT	operating_income	us-gaap	OperatingIncomeLoss	canonical	consolidated_periodic_filing	224	2	10-K,10-K/A,10-Q	canonical_us_gaap_concept	not_required_for_exact_canonical_mapping
sec-cik:0000006951	AMAT	revenue	us-gaap	RevenueFromContractWithCustomerExcludingAssessedTax	canonical	consolidated_periodic_filing	80	2	10-K,10-Q	canonical_us_gaap_concept	not_required_for_exact_canonical_mapping
sec-cik:0000006951	AMAT	revenue	us-gaap	Revenues	rejected	unreviewed	52	0	10-K,10-Q	unreviewed_issuer_specific_concept	not_submitted_for_review
sec-cik:0000006951	AMAT	revenue	us-gaap	SalesRevenueNet	rejected	unreviewed	184	0	10-K,10-K/A,10-Q	unreviewed_issuer_specific_concept	not_submitted_for_review
sec-cik:0000006951	AMAT	stockholders_equity	us-gaap	StockholdersEquity	canonical	consolidated_periodic_filing	270	2	10-K,10-K/A,10-Q	canonical_us_gaap_concept	not_required_for_exact_canonical_mapping
sec-cik:0000006951	AMAT	total_assets	us-gaap	Assets	canonical	consolidated_periodic_filing	140	2	10-K,10-K/A,10-Q	canonical_us_gaap_concept	not_required_for_exact_canonical_mapping
sec-cik:0000006951	AMAT	total_liabilities	us-gaap	Liabilities	canonical	consolidated_periodic_filing	138	2	10-K,10-K/A,10-Q	canonical_us_gaap_concept	not_required_for_exact_canonical_mapping
sec-cik:0000050863	INTC	capital_expenditure	us-gaap	PaymentsToAcquirePropertyPlantAndEquipment	canonical	consolidated_periodic_filing	158	2	10-K,10-Q,8-K	canonical_us_gaap_concept	not_required_for_exact_canonical_mapping
sec-cik:0000050863	INTC	net_income	us-gaap	NetIncomeLoss	canonical	consolidated_periodic_filing	228	2	10-K,10-Q,8-K	canonical_us_gaap_concept	not_required_for_exact_canonical_mapping
sec-cik:0000050863	INTC	operating_cash_flow	us-gaap	NetCashProvidedByUsedInOperatingActivities	canonical	consolidated_periodic_filing	99	2	10-K,10-Q	canonical_us_gaap_concept	not_required_for_exact_canonical_mapping
sec-cik:0000050863	INTC	operating_income	us-gaap	OperatingIncomeLoss	canonical	consolidated_periodic_filing	229	2	10-K,10-Q,8-K	canonical_us_gaap_concept	not_required_for_exact_canonical_mapping
sec-cik:0000050863	INTC	revenue	us-gaap	RevenueFromContractWithCustomerExcludingAssessedTax	canonical	consolidated_periodic_filing	105	2	10-K,10-Q	canonical_us_gaap_concept	not_required_for_exact_canonical_mapping
sec-cik:0000050863	INTC	revenue	us-gaap	SalesRevenueNet	rejected	unreviewed	124	0	10-K,10-Q,8-K	unreviewed_issuer_specific_concept	not_submitted_for_review
sec-cik:0000050863	INTC	stockholders_equity	us-gaap	StockholdersEquity	canonical	consolidated_periodic_filing	208	2	10-K,10-Q,8-K	canonical_us_gaap_concept	not_required_for_exact_canonical_mapping
sec-cik:0000050863	INTC	total_assets	us-gaap	Assets	canonical	consolidated_periodic_filing	140	2	10-K,10-Q,8-K	canonical_us_gaap_concept	not_required_for_exact_canonical_mapping
sec-cik:0000050863	INTC	total_liabilities			unavailable	unavailable	0	0		authorized_annual_source_unavailable	not_submitted_for_review
sec-cik:0000051143	IBM	capital_expenditure	us-gaap	PaymentsToAcquirePropertyPlantAndEquipment	canonical	consolidated_periodic_filing	148	2	10-K,10-Q,8-K	canonical_us_gaap_concept	not_required_for_exact_canonical_mapping
sec-cik:0000051143	IBM	net_income	us-gaap	NetIncomeLoss	canonical	consolidated_periodic_filing	123	2	10-K,10-Q	canonical_us_gaap_concept	not_required_for_exact_canonical_mapping
sec-cik:0000051143	IBM	operating_cash_flow	us-gaap	NetCashProvidedByUsedInOperatingActivities	canonical	consolidated_periodic_filing	105	2	10-K,10-Q	canonical_us_gaap_concept	not_required_for_exact_canonical_mapping
sec-cik:0000051143	IBM	operating_income			unavailable	unavailable	0	0		authorized_annual_source_unavailable	not_submitted_for_review
sec-cik:0000051143	IBM	revenue	us-gaap	Revenues	reviewed_alias	consolidated_periodic_filing	231	2	10-K,10-Q,8-K	issuer_specific_revenue_alias	pending_named_professional_disposition
sec-cik:0000051143	IBM	stockholders_equity	us-gaap	StockholdersEquity	canonical	consolidated_periodic_filing	140	2	10-K,10-Q,8-K	canonical_us_gaap_concept	not_required_for_exact_canonical_mapping
sec-cik:0000051143	IBM	total_assets	us-gaap	Assets	canonical	consolidated_periodic_filing	154	2	10-K,10-Q,8-K	canonical_us_gaap_concept	not_required_for_exact_canonical_mapping
sec-cik:0000051143	IBM	total_liabilities	us-gaap	Liabilities	canonical	consolidated_periodic_filing	140	2	10-K,10-Q,8-K	canonical_us_gaap_concept	not_required_for_exact_canonical_mapping
sec-cik:0000097476	TXN	capital_expenditure	us-gaap	PaymentsToAcquireProductiveAssets	rejected	unreviewed	2	0	10-K,10-Q	unreviewed_issuer_specific_concept	not_submitted_for_review
sec-cik:0000097476	TXN	capital_expenditure	us-gaap	PaymentsToAcquirePropertyPlantAndEquipment	canonical	consolidated_periodic_filing	156	2	10-K,10-Q,10-Q/A,8-K	canonical_us_gaap_concept	not_required_for_exact_canonical_mapping
sec-cik:0000097476	TXN	net_income	us-gaap	NetIncomeLoss	canonical	consolidated_periodic_filing	272	2	10-K,10-Q,10-Q/A,8-K	canonical_us_gaap_concept	not_required_for_exact_canonical_mapping
sec-cik:0000097476	TXN	operating_cash_flow	us-gaap	NetCashProvidedByUsedInOperatingActivities	canonical	consolidated_periodic_filing	76	2	10-K,10-Q	canonical_us_gaap_concept	not_required_for_exact_canonical_mapping
sec-cik:0000097476	TXN	operating_income	us-gaap	OperatingIncomeLoss	canonical	consolidated_periodic_filing	280	2	10-K,10-Q,10-Q/A,8-K	canonical_us_gaap_concept	not_required_for_exact_canonical_mapping
sec-cik:0000097476	TXN	revenue	us-gaap	RevenueFromContractWithCustomerExcludingAssessedTax	canonical	consolidated_periodic_filing	128	2	10-K,10-Q	canonical_us_gaap_concept	not_required_for_exact_canonical_mapping
sec-cik:0000097476	TXN	revenue	us-gaap	SalesRevenueNet	rejected	unreviewed	152	0	10-K,10-Q,10-Q/A,8-K	unreviewed_issuer_specific_concept	not_submitted_for_review
sec-cik:0000097476	TXN	stockholders_equity	us-gaap	StockholdersEquity	canonical	consolidated_periodic_filing	134	2	10-K,10-Q,10-Q/A,8-K	canonical_us_gaap_concept	not_required_for_exact_canonical_mapping
sec-cik:0000097476	TXN	total_assets	us-gaap	Assets	canonical	consolidated_periodic_filing	138	2	10-K,10-Q,10-Q/A,8-K	canonical_us_gaap_concept	not_required_for_exact_canonical_mapping
sec-cik:0000097476	TXN	total_liabilities	us-gaap	Liabilities	canonical	consolidated_periodic_filing	138	2	10-K,10-Q,10-Q/A,8-K	canonical_us_gaap_concept	not_required_for_exact_canonical_mapping
sec-cik:0000320193	AAPL	capital_expenditure	us-gaap	PaymentsToAcquireProductiveAssets	rejected	unreviewed	59	0	10-K,10-K/A,10-Q,8-K	unreviewed_issuer_specific_concept	not_submitted_for_review
sec-cik:0000320193	AAPL	capital_expenditure	us-gaap	PaymentsToAcquirePropertyPlantAndEquipment	canonical	consolidated_periodic_filing	103	2	10-K,10-Q	canonical_us_gaap_concept	not_required_for_exact_canonical_mapping
sec-cik:0000320193	AAPL	net_income	us-gaap	NetIncomeLoss	canonical	consolidated_periodic_filing	334	2	10-K,10-K/A,10-Q,8-K	canonical_us_gaap_concept	not_required_for_exact_canonical_mapping
sec-cik:0000320193	AAPL	operating_cash_flow	us-gaap	NetCashProvidedByUsedInOperatingActivities	canonical	consolidated_periodic_filing	132	2	10-K,10-K/A,10-Q,8-K	canonical_us_gaap_concept	not_required_for_exact_canonical_mapping
sec-cik:0000320193	AAPL	operating_income	us-gaap	OperatingIncomeLoss	canonical	consolidated_periodic_filing	230	2	10-K,10-K/A,10-Q,8-K	canonical_us_gaap_concept	not_required_for_exact_canonical_mapping
sec-cik:0000320193	AAPL	revenue	us-gaap	RevenueFromContractWithCustomerExcludingAssessedTax	canonical	consolidated_periodic_filing	113	2	10-K,10-Q	canonical_us_gaap_concept	not_required_for_exact_canonical_mapping
sec-cik:0000320193	AAPL	revenue	us-gaap	Revenues	rejected	unreviewed	11	0	10-K	unreviewed_issuer_specific_concept	not_submitted_for_review
sec-cik:0000320193	AAPL	revenue	us-gaap	SalesRevenueNet	rejected	unreviewed	210	0	10-K,10-K/A,10-Q,8-K	unreviewed_issuer_specific_concept	not_submitted_for_review
sec-cik:0000320193	AAPL	stockholders_equity	us-gaap	StockholdersEquity	canonical	consolidated_periodic_filing	258	2	10-K,10-K/A,10-Q,8-K	canonical_us_gaap_concept	not_required_for_exact_canonical_mapping
sec-cik:0000320193	AAPL	total_assets	us-gaap	Assets	canonical	consolidated_periodic_filing	144	2	10-K,10-K/A,10-Q,8-K	canonical_us_gaap_concept	not_required_for_exact_canonical_mapping
sec-cik:0000320193	AAPL	total_liabilities	us-gaap	Liabilities	canonical	consolidated_periodic_filing	142	2	10-K,10-K/A,10-Q,8-K	canonical_us_gaap_concept	not_required_for_exact_canonical_mapping
sec-cik:0000723125	MU	capital_expenditure	us-gaap	PaymentsToAcquirePropertyPlantAndEquipment	canonical	consolidated_periodic_filing	149	2	10-K,10-Q,8-K	canonical_us_gaap_concept	not_required_for_exact_canonical_mapping
sec-cik:0000723125	MU	net_income	us-gaap	NetIncomeLoss	canonical	consolidated_periodic_filing	336	2	10-K,10-Q,8-K	canonical_us_gaap_concept	not_required_for_exact_canonical_mapping
sec-cik:0000723125	MU	operating_cash_flow	us-gaap	NetCashProvidedByUsedInOperatingActivities	canonical	consolidated_periodic_filing	107	2	10-K,10-Q	canonical_us_gaap_concept	not_required_for_exact_canonical_mapping
sec-cik:0000723125	MU	operating_income	us-gaap	OperatingIncomeLoss	canonical	consolidated_periodic_filing	309	2	10-K,10-Q,8-K	canonical_us_gaap_concept	not_required_for_exact_canonical_mapping
sec-cik:0000723125	MU	revenue	us-gaap	RevenueFromContractWithCustomerExcludingAssessedTax	canonical	consolidated_periodic_filing	117	2	10-K,10-Q	canonical_us_gaap_concept	not_required_for_exact_canonical_mapping
sec-cik:0000723125	MU	revenue	us-gaap	Revenues	rejected	unreviewed	11	0	10-K	unreviewed_issuer_specific_concept	not_submitted_for_review
sec-cik:0000723125	MU	revenue	us-gaap	SalesRevenueNet	rejected	unreviewed	181	0	10-K,10-Q,8-K	unreviewed_issuer_specific_concept	not_submitted_for_review
sec-cik:0000723125	MU	stockholders_equity	us-gaap	StockholdersEquity	canonical	consolidated_periodic_filing	200	2	10-K,10-Q,8-K	canonical_us_gaap_concept	not_required_for_exact_canonical_mapping
sec-cik:0000723125	MU	total_assets	us-gaap	Assets	canonical	consolidated_periodic_filing	132	2	10-K,10-Q,8-K	canonical_us_gaap_concept	not_required_for_exact_canonical_mapping
sec-cik:0000723125	MU	total_liabilities	us-gaap	Liabilities	canonical	consolidated_periodic_filing	132	2	10-K,10-Q,8-K	canonical_us_gaap_concept	not_required_for_exact_canonical_mapping
sec-cik:0000789019	MSFT	capital_expenditure	us-gaap	PaymentsToAcquirePropertyPlantAndEquipment	canonical	consolidated_periodic_filing	227	2	10-K,10-Q,10-Q/A,8-K	canonical_us_gaap_concept	not_required_for_exact_canonical_mapping
sec-cik:0000789019	MSFT	net_income	us-gaap	NetIncomeLoss	canonical	consolidated_periodic_filing	337	2	10-K,10-Q,10-Q/A,8-K	canonical_us_gaap_concept	not_required_for_exact_canonical_mapping
sec-cik:0000789019	MSFT	operating_cash_flow	us-gaap	NetCashProvidedByUsedInOperatingActivities	canonical	consolidated_periodic_filing	167	2	10-K,10-Q,10-Q/A,8-K	canonical_us_gaap_concept	not_required_for_exact_canonical_mapping
sec-cik:0000789019	MSFT	operating_income	us-gaap	OperatingIncomeLoss	canonical	consolidated_periodic_filing	275	2	10-K,10-Q,10-Q/A,8-K	canonical_us_gaap_concept	not_required_for_exact_canonical_mapping
sec-cik:0000789019	MSFT	revenue	us-gaap	RevenueFromContractWithCustomerExcludingAssessedTax	canonical	consolidated_periodic_filing	131	2	10-K,10-Q,8-K	canonical_us_gaap_concept	not_required_for_exact_canonical_mapping
sec-cik:0000789019	MSFT	revenue	us-gaap	Revenues	rejected	unreviewed	31	0	10-K,10-Q	unreviewed_issuer_specific_concept	not_submitted_for_review
sec-cik:0000789019	MSFT	revenue	us-gaap	SalesRevenueNet	rejected	unreviewed	173	0	10-K,10-Q,10-Q/A,8-K	unreviewed_issuer_specific_concept	not_submitted_for_review
sec-cik:0000789019	MSFT	stockholders_equity	us-gaap	StockholdersEquity	canonical	consolidated_periodic_filing	210	2	10-K,10-Q,10-Q/A,8-K	canonical_us_gaap_concept	not_required_for_exact_canonical_mapping
sec-cik:0000789019	MSFT	total_assets	us-gaap	Assets	canonical	consolidated_periodic_filing	140	2	10-K,10-Q,10-Q/A,8-K	canonical_us_gaap_concept	not_required_for_exact_canonical_mapping
sec-cik:0000789019	MSFT	total_liabilities	us-gaap	Liabilities	canonical	consolidated_periodic_filing	132	2	10-K,10-Q,10-Q/A,8-K	canonical_us_gaap_concept	not_required_for_exact_canonical_mapping
sec-cik:0000796343	ADBE	capital_expenditure	us-gaap	PaymentsToAcquirePropertyPlantAndEquipment	canonical	consolidated_periodic_filing	155	2	10-K,10-Q	canonical_us_gaap_concept	not_required_for_exact_canonical_mapping
sec-cik:0000796343	ADBE	net_income	us-gaap	NetIncomeLoss	canonical	consolidated_periodic_filing	313	2	10-K,10-Q	canonical_us_gaap_concept	not_required_for_exact_canonical_mapping
sec-cik:0000796343	ADBE	operating_cash_flow	us-gaap	NetCashProvidedByUsedInOperatingActivities	canonical	consolidated_periodic_filing	155	2	10-K,10-Q	canonical_us_gaap_concept	not_required_for_exact_canonical_mapping
sec-cik:0000796343	ADBE	operating_income	us-gaap	OperatingIncomeLoss	canonical	consolidated_periodic_filing	225	2	10-K,10-Q	canonical_us_gaap_concept	not_required_for_exact_canonical_mapping
sec-cik:0000796343	ADBE	revenue	us-gaap	Revenues	reviewed_alias	consolidated_periodic_filing	313	2	10-K,10-Q	issuer_specific_revenue_alias	pending_named_professional_disposition
sec-cik:0000796343	ADBE	stockholders_equity	us-gaap	StockholdersEquity	canonical	consolidated_periodic_filing	248	2	10-K,10-Q	canonical_us_gaap_concept	not_required_for_exact_canonical_mapping
sec-cik:0000796343	ADBE	total_assets	us-gaap	Assets	canonical	consolidated_periodic_filing	138	2	10-K,10-Q	canonical_us_gaap_concept	not_required_for_exact_canonical_mapping
sec-cik:0000796343	ADBE	total_liabilities	us-gaap	Liabilities	canonical	consolidated_periodic_filing	138	2	10-K,10-Q	canonical_us_gaap_concept	not_required_for_exact_canonical_mapping
sec-cik:0000804328	QCOM	capital_expenditure	us-gaap	PaymentsToAcquireProductiveAssets	context_only	company_reported_cash_capital_expenditures	156	2	10-K,10-K/A,10-Q	company_reported_capex_scope_not_proven_equivalent_to_ppe	pending_named_professional_disposition
sec-cik:0000804328	QCOM	net_income	us-gaap	NetIncomeLoss	canonical	consolidated_periodic_filing	281	2	10-K,10-K/A,10-Q	canonical_us_gaap_concept	not_required_for_exact_canonical_mapping
sec-cik:0000804328	QCOM	operating_cash_flow	us-gaap	NetCashProvidedByUsedInOperatingActivities	canonical	consolidated_periodic_filing	139	2	10-K,10-K/A,10-Q	canonical_us_gaap_concept	not_required_for_exact_canonical_mapping
sec-cik:0000804328	QCOM	operating_income	us-gaap	OperatingIncomeLoss	canonical	consolidated_periodic_filing	319	2	10-K,10-K/A,10-Q	canonical_us_gaap_concept	not_required_for_exact_canonical_mapping
sec-cik:0000804328	QCOM	revenue	us-gaap	Revenues	reviewed_alias	consolidated_periodic_filing	319	2	10-K,10-K/A,10-Q	issuer_specific_revenue_alias	pending_named_professional_disposition
sec-cik:0000804328	QCOM	stockholders_equity	us-gaap	StockholdersEquity	canonical	consolidated_periodic_filing	83	0	10-K,10-K/A,10-Q	canonical_us_gaap_concept	not_required_for_exact_canonical_mapping
sec-cik:0000804328	QCOM	total_assets	us-gaap	Assets	canonical	consolidated_periodic_filing	150	2	10-K,10-K/A,10-Q	canonical_us_gaap_concept	not_required_for_exact_canonical_mapping
sec-cik:0000804328	QCOM	total_liabilities	us-gaap	Liabilities	canonical	consolidated_periodic_filing	139	2	10-K,10-K/A,10-Q	canonical_us_gaap_concept	not_required_for_exact_canonical_mapping
sec-cik:0000858877	CSCO	capital_expenditure	us-gaap	PaymentsToAcquirePropertyPlantAndEquipment	canonical	consolidated_periodic_filing	153	2	10-K,10-Q,8-K	canonical_us_gaap_concept	not_required_for_exact_canonical_mapping
sec-cik:0000858877	CSCO	net_income	us-gaap	NetIncomeLoss	canonical	consolidated_periodic_filing	277	2	10-K,10-Q,8-K	canonical_us_gaap_concept	not_required_for_exact_canonical_mapping
sec-cik:0000858877	CSCO	operating_cash_flow	us-gaap	NetCashProvidedByUsedInOperatingActivities	canonical	consolidated_periodic_filing	121	2	10-K,10-Q,8-K	canonical_us_gaap_concept	not_required_for_exact_canonical_mapping
sec-cik:0000858877	CSCO	operating_income	us-gaap	OperatingIncomeLoss	canonical	consolidated_periodic_filing	253	2	10-K,10-Q,8-K	canonical_us_gaap_concept	not_required_for_exact_canonical_mapping
sec-cik:0000858877	CSCO	revenue	us-gaap	RevenueFromContractWithCustomerExcludingAssessedTax	canonical	consolidated_periodic_filing	117	2	10-K,10-Q	canonical_us_gaap_concept	not_required_for_exact_canonical_mapping
sec-cik:0000858877	CSCO	revenue	us-gaap	Revenues	rejected	unreviewed	76	0	10-K,10-Q	unreviewed_issuer_specific_concept	not_submitted_for_review
sec-cik:0000858877	CSCO	revenue	us-gaap	SalesRevenueNet	rejected	unreviewed	150	0	10-K,10-Q,8-K	unreviewed_issuer_specific_concept	not_submitted_for_review
sec-cik:0000858877	CSCO	stockholders_equity	us-gaap	StockholdersEquity	canonical	consolidated_periodic_filing	212	2	10-K,10-Q,8-K	canonical_us_gaap_concept	not_required_for_exact_canonical_mapping
sec-cik:0000858877	CSCO	total_assets	us-gaap	Assets	canonical	consolidated_periodic_filing	140	2	10-K,10-Q,8-K	canonical_us_gaap_concept	not_required_for_exact_canonical_mapping
sec-cik:0000858877	CSCO	total_liabilities	us-gaap	Liabilities	canonical	consolidated_periodic_filing	136	2	10-K,10-Q,8-K	canonical_us_gaap_concept	not_required_for_exact_canonical_mapping
sec-cik:0001018724	AMZN	capital_expenditure	us-gaap	PaymentsToAcquireProductiveAssets	reviewed_alias	company_reported_property_and_equipment_cash_purchases	146	2	10-K,10-Q	issuer_reported_property_equipment_cash_purchases	pending_named_professional_disposition
sec-cik:0001018724	AMZN	capital_expenditure	us-gaap	PaymentsToAcquirePropertyPlantAndEquipment	canonical	consolidated_periodic_filing	152	0	10-K,10-Q	canonical_us_gaap_concept	not_required_for_exact_canonical_mapping
sec-cik:0001018724	AMZN	net_income	us-gaap	NetIncomeLoss	canonical	consolidated_periodic_filing	416	2	10-K,10-Q,DEF 14A	canonical_us_gaap_concept	not_required_for_exact_canonical_mapping
sec-cik:0001018724	AMZN	operating_cash_flow	us-gaap	NetCashProvidedByUsedInOperatingActivities	canonical	consolidated_periodic_filing	323	2	10-K,10-Q	canonical_us_gaap_concept	not_required_for_exact_canonical_mapping
sec-cik:0001018724	AMZN	operating_income	us-gaap	OperatingIncomeLoss	canonical	consolidated_periodic_filing	285	2	10-K,10-Q	canonical_us_gaap_concept	not_required_for_exact_canonical_mapping
sec-cik:0001018724	AMZN	revenue	us-gaap	RevenueFromContractWithCustomerExcludingAssessedTax	canonical	consolidated_periodic_filing	124	2	10-K,10-Q	canonical_us_gaap_concept	not_required_for_exact_canonical_mapping
sec-cik:0001018724	AMZN	revenue	us-gaap	SalesRevenueNet	rejected	unreviewed	185	0	10-K,10-Q	unreviewed_issuer_specific_concept	not_submitted_for_review
sec-cik:0001018724	AMZN	stockholders_equity	us-gaap	StockholdersEquity	canonical	consolidated_periodic_filing	242	2	10-K,10-Q	canonical_us_gaap_concept	not_required_for_exact_canonical_mapping
sec-cik:0001018724	AMZN	total_assets	us-gaap	Assets	canonical	consolidated_periodic_filing	147	2	10-K,10-Q	canonical_us_gaap_concept	not_required_for_exact_canonical_mapping
sec-cik:0001018724	AMZN	total_liabilities			unavailable	unavailable	0	0		authorized_annual_source_unavailable	not_submitted_for_review
sec-cik:0001045810	NVDA	capital_expenditure	us-gaap	PaymentsToAcquireProductiveAssets	context_only	company_reported_property_equipment_and_intangible_assets	33	2	10-K,10-Q	productive_assets_scope_is_broader_than_ppe_capex	pending_named_professional_disposition
sec-cik:0001045810	NVDA	capital_expenditure	us-gaap	PaymentsToAcquirePropertyPlantAndEquipment	canonical	consolidated_periodic_filing	55	0	10-K,10-Q	canonical_us_gaap_concept	not_required_for_exact_canonical_mapping
sec-cik:0001045810	NVDA	net_income	us-gaap	NetIncomeLoss	canonical	consolidated_periodic_filing	310	2	10-K,10-Q,DEF 14A	canonical_us_gaap_concept	not_required_for_exact_canonical_mapping
sec-cik:0001045810	NVDA	operating_cash_flow	us-gaap	NetCashProvidedByUsedInOperatingActivities	canonical	consolidated_periodic_filing	159	2	10-K,10-Q	canonical_us_gaap_concept	not_required_for_exact_canonical_mapping
sec-cik:0001045810	NVDA	operating_income	us-gaap	OperatingIncomeLoss	canonical	consolidated_periodic_filing	221	2	10-K,10-Q	canonical_us_gaap_concept	not_required_for_exact_canonical_mapping
sec-cik:0001045810	NVDA	revenue	us-gaap	RevenueFromContractWithCustomerExcludingAssessedTax	canonical	consolidated_periodic_filing	28	0	10-K	canonical_us_gaap_concept	not_required_for_exact_canonical_mapping
sec-cik:0001045810	NVDA	revenue	us-gaap	Revenues	reviewed_alias	consolidated_periodic_filing	276	2	10-K,10-Q	issuer_specific_revenue_alias	pending_named_professional_disposition
sec-cik:0001045810	NVDA	stockholders_equity	us-gaap	StockholdersEquity	canonical	consolidated_periodic_filing	242	2	10-K,10-Q	canonical_us_gaap_concept	not_required_for_exact_canonical_mapping
sec-cik:0001045810	NVDA	total_assets	us-gaap	Assets	canonical	consolidated_periodic_filing	136	2	10-K,10-Q	canonical_us_gaap_concept	not_required_for_exact_canonical_mapping
sec-cik:0001045810	NVDA	total_liabilities	us-gaap	Liabilities	canonical	consolidated_periodic_filing	84	2	10-K,10-Q	canonical_us_gaap_concept	not_required_for_exact_canonical_mapping
sec-cik:0001108524	CRM	capital_expenditure	us-gaap	PaymentsToAcquireProductiveAssets	rejected	unreviewed	4	0	10-K,10-Q	unreviewed_issuer_specific_concept	not_submitted_for_review
sec-cik:0001108524	CRM	capital_expenditure	us-gaap	PaymentsToAcquirePropertyPlantAndEquipment	canonical	consolidated_periodic_filing	224	2	10-K,10-Q,8-K	canonical_us_gaap_concept	not_required_for_exact_canonical_mapping
sec-cik:0001108524	CRM	net_income	us-gaap	NetIncomeLoss	canonical	consolidated_periodic_filing	358	2	10-K,10-Q,8-K,DEF 14A	canonical_us_gaap_concept	not_required_for_exact_canonical_mapping
sec-cik:0001108524	CRM	operating_cash_flow	us-gaap	NetCashProvidedByUsedInOperatingActivities	canonical	consolidated_periodic_filing	224	2	10-K,10-Q,8-K	canonical_us_gaap_concept	not_required_for_exact_canonical_mapping
sec-cik:0001108524	CRM	operating_income	us-gaap	OperatingIncomeLoss	canonical	consolidated_periodic_filing	312	2	10-K,10-Q,8-K	canonical_us_gaap_concept	not_required_for_exact_canonical_mapping
sec-cik:0001108524	CRM	revenue	us-gaap	RevenueFromContractWithCustomerExcludingAssessedTax	canonical	consolidated_periodic_filing	122	2	10-K,10-Q	canonical_us_gaap_concept	not_required_for_exact_canonical_mapping
sec-cik:0001108524	CRM	revenue	us-gaap	Revenues	rejected	unreviewed	145	0	10-K,10-Q,8-K	unreviewed_issuer_specific_concept	not_submitted_for_review
sec-cik:0001108524	CRM	stockholders_equity	us-gaap	StockholdersEquity	canonical	consolidated_periodic_filing	254	2	10-K,10-Q,8-K	canonical_us_gaap_concept	not_required_for_exact_canonical_mapping
sec-cik:0001108524	CRM	total_assets	us-gaap	Assets	canonical	consolidated_periodic_filing	138	2	10-K,10-Q,8-K	canonical_us_gaap_concept	not_required_for_exact_canonical_mapping
sec-cik:0001108524	CRM	total_liabilities	us-gaap	Liabilities	canonical	consolidated_periodic_filing	138	2	10-K,10-Q,8-K	canonical_us_gaap_concept	not_required_for_exact_canonical_mapping
sec-cik:0001326801	META	capital_expenditure	us-gaap	PaymentsToAcquirePropertyPlantAndEquipment	canonical	consolidated_periodic_filing	126	2	10-K,10-Q	canonical_us_gaap_concept	not_required_for_exact_canonical_mapping
sec-cik:0001326801	META	net_income	us-gaap	NetIncomeLoss	canonical	consolidated_periodic_filing	190	2	10-K,10-Q,DEF 14A	canonical_us_gaap_concept	not_required_for_exact_canonical_mapping
sec-cik:0001326801	META	operating_cash_flow	us-gaap	NetCashProvidedByUsedInOperatingActivities	canonical	consolidated_periodic_filing	129	2	10-K,10-Q	canonical_us_gaap_concept	not_required_for_exact_canonical_mapping
sec-cik:0001326801	META	operating_income	us-gaap	OperatingIncomeLoss	canonical	consolidated_periodic_filing	182	2	10-K,10-Q	canonical_us_gaap_concept	not_required_for_exact_canonical_mapping
sec-cik:0001326801	META	revenue	us-gaap	RevenueFromContractWithCustomerExcludingAssessedTax	canonical	consolidated_periodic_filing	106	2	10-K,10-Q	canonical_us_gaap_concept	not_required_for_exact_canonical_mapping
sec-cik:0001326801	META	revenue	us-gaap	Revenues	rejected	unreviewed	86	0	10-K,10-Q	unreviewed_issuer_specific_concept	not_submitted_for_review
sec-cik:0001326801	META	stockholders_equity	us-gaap	StockholdersEquity	canonical	consolidated_periodic_filing	208	2	10-K,10-Q	canonical_us_gaap_concept	not_required_for_exact_canonical_mapping
sec-cik:0001326801	META	total_assets	us-gaap	Assets	canonical	consolidated_periodic_filing	115	2	10-K,10-Q	canonical_us_gaap_concept	not_required_for_exact_canonical_mapping
sec-cik:0001326801	META	total_liabilities	us-gaap	Liabilities	canonical	consolidated_periodic_filing	115	2	10-K,10-Q	canonical_us_gaap_concept	not_required_for_exact_canonical_mapping
sec-cik:0001341439	ORCL	capital_expenditure	us-gaap	PaymentsToAcquirePropertyPlantAndEquipment	canonical	consolidated_periodic_filing	135	2	10-K,10-Q	canonical_us_gaap_concept	not_required_for_exact_canonical_mapping
sec-cik:0001341439	ORCL	net_income	us-gaap	NetIncomeLoss	canonical	consolidated_periodic_filing	188	2	10-K,10-Q	canonical_us_gaap_concept	not_required_for_exact_canonical_mapping
sec-cik:0001341439	ORCL	operating_cash_flow	us-gaap	NetCashProvidedByUsedInOperatingActivities	canonical	consolidated_periodic_filing	111	2	10-K,10-Q,10-Q/A	canonical_us_gaap_concept	not_required_for_exact_canonical_mapping
sec-cik:0001341439	ORCL	operating_income	us-gaap	OperatingIncomeLoss	canonical	consolidated_periodic_filing	221	2	10-K,10-Q,10-Q/A	canonical_us_gaap_concept	not_required_for_exact_canonical_mapping
sec-cik:0001341439	ORCL	revenue	us-gaap	RevenueFromContractWithCustomerExcludingAssessedTax	canonical	consolidated_periodic_filing	104	2	10-K,10-Q	canonical_us_gaap_concept	not_required_for_exact_canonical_mapping
sec-cik:0001341439	ORCL	revenue	us-gaap	Revenues	rejected	unreviewed	141	2	10-K,10-Q,10-Q/A	unreviewed_issuer_specific_concept	not_submitted_for_review
sec-cik:0001341439	ORCL	revenue	us-gaap	SalesRevenueNet	rejected	unreviewed	19	0	10-K,10-Q,10-Q/A	unreviewed_issuer_specific_concept	not_submitted_for_review
sec-cik:0001341439	ORCL	stockholders_equity	us-gaap	StockholdersEquity	canonical	consolidated_periodic_filing	136	2	10-K,10-Q,10-Q/A	canonical_us_gaap_concept	not_required_for_exact_canonical_mapping
sec-cik:0001341439	ORCL	total_assets	us-gaap	Assets	canonical	consolidated_periodic_filing	136	2	10-K,10-Q,10-Q/A	canonical_us_gaap_concept	not_required_for_exact_canonical_mapping
sec-cik:0001341439	ORCL	total_liabilities			unavailable	unavailable	0	0		authorized_annual_source_unavailable	not_submitted_for_review
sec-cik:0001373715	NOW	capital_expenditure	us-gaap	PaymentsToAcquirePropertyPlantAndEquipment	canonical	consolidated_periodic_filing	132	2	10-K,10-Q	canonical_us_gaap_concept	not_required_for_exact_canonical_mapping
sec-cik:0001373715	NOW	net_income	us-gaap	NetIncomeLoss	canonical	consolidated_periodic_filing	195	2	10-K,10-Q,DEF 14A	canonical_us_gaap_concept	not_required_for_exact_canonical_mapping
sec-cik:0001373715	NOW	operating_cash_flow	us-gaap	NetCashProvidedByUsedInOperatingActivities	canonical	consolidated_periodic_filing	132	2	10-K,10-Q	canonical_us_gaap_concept	not_required_for_exact_canonical_mapping
sec-cik:0001373715	NOW	operating_income	us-gaap	OperatingIncomeLoss	canonical	consolidated_periodic_filing	190	2	10-K,10-Q	canonical_us_gaap_concept	not_required_for_exact_canonical_mapping
sec-cik:0001373715	NOW	revenue	us-gaap	RevenueFromContractWithCustomerExcludingAssessedTax	canonical	consolidated_periodic_filing	104	2	10-K,10-Q	canonical_us_gaap_concept	not_required_for_exact_canonical_mapping
sec-cik:0001373715	NOW	revenue	us-gaap	Revenues	rejected	unreviewed	67	0	10-K,10-Q	unreviewed_issuer_specific_concept	not_submitted_for_review
sec-cik:0001373715	NOW	revenue	us-gaap	SalesRevenueNet	rejected	unreviewed	86	0	10-K,10-Q	unreviewed_issuer_specific_concept	not_submitted_for_review
sec-cik:0001373715	NOW	stockholders_equity	us-gaap	StockholdersEquity	canonical	consolidated_periodic_filing	220	2	10-K,10-Q	canonical_us_gaap_concept	not_required_for_exact_canonical_mapping
sec-cik:0001373715	NOW	total_assets	us-gaap	Assets	canonical	consolidated_periodic_filing	114	2	10-K,10-Q	canonical_us_gaap_concept	not_required_for_exact_canonical_mapping
sec-cik:0001373715	NOW	total_liabilities	us-gaap	Liabilities	canonical	consolidated_periodic_filing	114	2	10-K,10-Q	canonical_us_gaap_concept	not_required_for_exact_canonical_mapping
sec-cik:0001596532	ANET	capital_expenditure	us-gaap	PaymentsToAcquireProductiveAssets	context_only	company_reported_property_equipment_and_intangible_assets	18	2	10-K	productive_assets_scope_is_broader_than_ppe_capex	pending_named_professional_disposition
sec-cik:0001596532	ANET	capital_expenditure	us-gaap	PaymentsToAcquirePropertyPlantAndEquipment	canonical	consolidated_periodic_filing	93	0	10-K,10-Q	canonical_us_gaap_concept	not_required_for_exact_canonical_mapping
sec-cik:0001596532	ANET	net_income	us-gaap	NetIncomeLoss	canonical	consolidated_periodic_filing	212	0	10-K,10-Q,DEF 14A	canonical_us_gaap_concept	not_required_for_exact_canonical_mapping
sec-cik:0001596532	ANET	operating_cash_flow	us-gaap	NetCashProvidedByUsedInOperatingActivities	canonical	consolidated_periodic_filing	111	2	10-K,10-Q	canonical_us_gaap_concept	not_required_for_exact_canonical_mapping
sec-cik:0001596532	ANET	operating_income	us-gaap	OperatingIncomeLoss	canonical	consolidated_periodic_filing	207	2	10-K,10-Q	canonical_us_gaap_concept	not_required_for_exact_canonical_mapping
sec-cik:0001596532	ANET	revenue	us-gaap	RevenueFromContractWithCustomerExcludingAssessedTax	canonical	consolidated_periodic_filing	124	2	10-K,10-Q	canonical_us_gaap_concept	not_required_for_exact_canonical_mapping
sec-cik:0001596532	ANET	revenue	us-gaap	SalesRevenueNet	rejected	unreviewed	79	0	10-K,10-Q	unreviewed_issuer_specific_concept	not_submitted_for_review
sec-cik:0001596532	ANET	stockholders_equity	us-gaap	StockholdersEquity	canonical	consolidated_periodic_filing	196	2	10-K,10-Q	canonical_us_gaap_concept	not_required_for_exact_canonical_mapping
sec-cik:0001596532	ANET	total_assets	us-gaap	Assets	canonical	consolidated_periodic_filing	98	2	10-K,10-Q	canonical_us_gaap_concept	not_required_for_exact_canonical_mapping
sec-cik:0001596532	ANET	total_liabilities	us-gaap	Liabilities	canonical	consolidated_periodic_filing	98	2	10-K,10-Q	canonical_us_gaap_concept	not_required_for_exact_canonical_mapping
sec-cik:0001652044	GOOGL	capital_expenditure	us-gaap	PaymentsToAcquirePropertyPlantAndEquipment	canonical	consolidated_periodic_filing	122	2	10-K,10-Q,8-K	canonical_us_gaap_concept	not_required_for_exact_canonical_mapping
sec-cik:0001652044	GOOGL	net_income	us-gaap	NetIncomeLoss	canonical	consolidated_periodic_filing	152	2	10-K,10-Q,8-K,DEF 14A	canonical_us_gaap_concept	not_required_for_exact_canonical_mapping
sec-cik:0001652044	GOOGL	operating_cash_flow	us-gaap	NetCashProvidedByUsedInOperatingActivities	canonical	consolidated_periodic_filing	102	2	10-K,10-Q,8-K	canonical_us_gaap_concept	not_required_for_exact_canonical_mapping
sec-cik:0001652044	GOOGL	operating_income	us-gaap	OperatingIncomeLoss	canonical	consolidated_periodic_filing	146	2	10-K,10-Q,8-K	canonical_us_gaap_concept	not_required_for_exact_canonical_mapping
sec-cik:0001652044	GOOGL	revenue	us-gaap	RevenueFromContractWithCustomerExcludingAssessedTax	canonical	consolidated_periodic_filing	87	1	10-K,10-Q	canonical_us_gaap_concept	not_required_for_exact_canonical_mapping
sec-cik:0001652044	GOOGL	revenue	us-gaap	Revenues	reviewed_alias	consolidated_periodic_filing	77	2	10-K,10-Q,8-K	issuer_specific_revenue_alias	pending_named_professional_disposition
sec-cik:0001652044	GOOGL	stockholders_equity	us-gaap	StockholdersEquity	canonical	consolidated_periodic_filing	190	2	10-K,10-Q,8-K	canonical_us_gaap_concept	not_required_for_exact_canonical_mapping
sec-cik:0001652044	GOOGL	total_assets	us-gaap	Assets	canonical	consolidated_periodic_filing	90	2	10-K,10-Q,8-K	canonical_us_gaap_concept	not_required_for_exact_canonical_mapping
sec-cik:0001652044	GOOGL	total_liabilities	us-gaap	Liabilities	canonical	consolidated_periodic_filing	84	2	10-K,10-Q	canonical_us_gaap_concept	not_required_for_exact_canonical_mapping
sec-cik:0001730168	AVGO	capital_expenditure	us-gaap	PaymentsToAcquirePropertyPlantAndEquipment	canonical	consolidated_periodic_filing	77	2	10-K,10-Q,8-K	canonical_us_gaap_concept	not_required_for_exact_canonical_mapping
sec-cik:0001730168	AVGO	net_income	us-gaap	NetIncomeLoss	canonical	consolidated_periodic_filing	32	1	10-K,10-Q	canonical_us_gaap_concept	not_required_for_exact_canonical_mapping
sec-cik:0001730168	AVGO	operating_cash_flow	us-gaap	NetCashProvidedByUsedInOperatingActivities	canonical	consolidated_periodic_filing	77	2	10-K,10-Q,8-K	canonical_us_gaap_concept	not_required_for_exact_canonical_mapping
sec-cik:0001730168	AVGO	operating_income	us-gaap	OperatingIncomeLoss	canonical	consolidated_periodic_filing	143	2	10-K,10-Q,8-K	canonical_us_gaap_concept	not_required_for_exact_canonical_mapping
sec-cik:0001730168	AVGO	revenue	us-gaap	RevenueFromContractWithCustomerExcludingAssessedTax	canonical	consolidated_periodic_filing	124	2	10-K,10-Q,8-K	canonical_us_gaap_concept	not_required_for_exact_canonical_mapping
sec-cik:0001730168	AVGO	revenue	us-gaap	Revenues	rejected	unreviewed	19	0	10-K,10-Q	unreviewed_issuer_specific_concept	not_submitted_for_review
sec-cik:0001730168	AVGO	revenue	us-gaap	SalesRevenueNet	rejected	unreviewed	4	0	10-Q	unreviewed_issuer_specific_concept	not_submitted_for_review
sec-cik:0001730168	AVGO	stockholders_equity	us-gaap	StockholdersEquity	canonical	consolidated_periodic_filing	16	0	10-K,10-Q,8-K	canonical_us_gaap_concept	not_required_for_exact_canonical_mapping
sec-cik:0001730168	AVGO	total_assets	us-gaap	Assets	canonical	consolidated_periodic_filing	68	2	10-K,10-Q,8-K	canonical_us_gaap_concept	not_required_for_exact_canonical_mapping
sec-cik:0001730168	AVGO	total_liabilities	us-gaap	Liabilities	canonical	consolidated_periodic_filing	68	2	10-K,10-Q,8-K	canonical_us_gaap_concept	not_required_for_exact_canonical_mapping
